cv_fold	a	k_lin	k_sym
0	0.0	0.2909081547677089	0.2882584446977595
1	0.0	0.3195672198540952	0.3377118801365922
2	0.0	0.3404794775028817	0.3489484268842693
3	0.0	0.3526898064050166	0.3601360944824609
4	0.0	0.3902847471725099	0.4121617798787191
0	0.1	0.1859605663154609	0.1842103176938941
1	0.1	0.1930490574970036	0.2032887580067796
2	0.1	0.2073175518729802	0.2118596726287829
3	0.1	0.2081299307255259	0.21177308467459
4	0.1	0.2301203384180671	0.2421945762676496
0	0.2	0.1212269459786757	0.120152830771755
1	0.2	0.120319985776347	0.1262657098329583
2	0.2	0.129589867082129	0.1321236522232044
3	0.2	0.126749235088347	0.1285736294840872
4	0.2	0.1399580343843149	0.1467200880083131
0	0.3	0.0806273629238332	0.0800242247988694
1	0.3	0.0775433979175758	0.0811152460632736
2	0.3	0.0833066770545075	0.0848080390341381
3	0.3	0.0799933227434346	0.0809598950575676
4	0.3	0.0881894728878138	0.0920674375624396
0	0.4	0.0547328823675967	0.0544427082003647
1	0.4	0.051710402745412	0.0539392703080374
2	0.4	0.0551419748044895	0.0561003639955384
3	0.4	0.0524445626040689	0.0530141896478138
4	0.4	0.0576796963306271	0.0599852494236585
0	0.5	0.0379554243953941	0.0378653411252637
1	0.5	0.0356588996110198	0.0371066989302974
2	0.5	0.0376119155582228	0.0382729267342249
3	0.5	0.0357423204955831	0.0361306585861556
4	0.5	0.0391478859373957	0.040583888556661
0	0.525	0.0347578159833057	0.0347042401840812
1	0.525	0.0326604867530978	0.0339685796204783
2	0.525	0.0343448314506644	0.0349539439883917
3	0.525	0.0326716917332603	0.033032860491861
4	0.525	0.0357340184445904	0.0370197780095295
0	0.55	0.0318760544618287	0.0318544761817086
1	0.55	0.0299735518975768	0.031158400756594
2	0.55	0.0314223101330713	0.0319858021006455
3	0.55	0.0299360105335111	0.0302746546486648
4	0.55	0.0326897997745745	0.0338447117739303
0	0.575	0.0292767030516832	0.0292829982122102
1	0.575	0.0275614257854638	0.0286372976291522
2	0.575	0.0288044491466253	0.0293276145227025
3	0.575	0.0274939076653978	0.0278136968784549
4	0.575	0.0299697861667127	0.0310104906844971
0	0.6	0.0269299365514568	0.0269603269949748
1	0.6	0.0253920094317949	0.026371287040015
2	0.6	0.0264561420871528	0.0269434526173185
3	0.6	0.0253093371871593	0.025613115223281
4	0.6	0.0275344493337154	0.0284752583093712
0	0.625	0.0248091325293952	0.024860146663355
1	0.625	0.0234371597625663	0.0243306137727633
2	0.625	0.0243464582160649	0.0248017036762799
3	0.625	0.0233508495339446	0.0236407815782334
4	0.625	0.0253493757730582	0.0262026345330238
0	0.65	0.0228904404955602	0.0229588822099656
1	0.65	0.0216721142512397	0.0224891300366662
2	0.65	0.0224480477319326	0.0228744545291683
3	0.65	0.0215908917771959	0.0218686140930455
4	0.65	0.0233845095806719	0.0241608926258036
0	0.675	0.0211524687870085	0.0212354001693366
1	0.675	0.0200750697008967	0.020823835781651
2	0.675	0.0207367045966651	0.0211370304024596
3	0.675	0.0200052858284808	0.0202720467013113
4	0.675	0.0216135762686791	0.0223223253615885
0	0.7	0.0195760302459548	0.0196707697336416
1	0.7	0.0186268346927164	0.0193145009820546
2	0.7	0.0191910063331622	0.0195676143691393
3	0.7	0.0185728284287328	0.0188295991687456
4	0.7	0.0200136013155367	0.0206627140382297
0	0.725	0.0181438984728223	0.0182480286601369
1	0.725	0.0173104950401007	0.0179433094639073
2	0.725	0.0177919757434849	0.0181468912865893
3	0.725	0.0172749415996171	0.017522485314939
4	0.725	0.0185644615650896	0.0191608423358032
0	0.75	0.0168406656980759	0.0169520420372289
1	0.75	0.0161111770901449	0.0166946106628389
2	0.75	0.0165228490271405	0.0168578055114483
3	0.75	0.0160954264177511	0.0163343329253153
4	0.75	0.0172485580048691	0.0177981490239362
0	0.775	0.0156525727276829	0.0157693235848068
1	0.775	0.0150157930685385	0.0155546543148935
2	0.775	0.0153688239402042	0.0156853034147731
3	0.775	0.0150201844312435	0.0152508887358217
4	0.775	0.0160504831060747	0.01655838424958
0	0.8	0.0145673881852861	0.014687903340654
1	0.8	0.0140128529474538	0.014511390169621
2	0.8	0.0143168684667654	0.0146161417588999
3	0.8	0.0140369833941087	0.0142597855850795
4	0.8	0.0149567712719509	0.0154273547366632
0	0.825	0.0135742786430816	0.0136971883046322
1	0.825	0.0130922944822537	0.0135542820286835
2	0.825	0.0133555409387375	0.0136387084033357
3	0.825	0.0131352287598375	0.0133503227209557
4	0.825	0.0139556770502354	0.0143926962351966
0	0.85	0.0126636540587155	0.0127878035792956
1	0.85	0.0122453127598062	0.0126741187995474
2	0.85	0.0124748038596924	0.0127428348941747
3	0.85	0.0123057387197311	0.0125132465688744
4	0.85	0.0130369605040994	0.0134436480038994
0	0.875	0.0118270505051744	0.0119514745990641
1	0.875	0.0114642370456177	0.0118628760247942
2	0.875	0.0116658877773947	0.0119196565149735
3	0.875	0.0115405771835806	0.0117405831472825
4	0.875	0.0121917275045317	0.0125708818758409
0	0.9	0.0110569858522393	0.0111808841166595
1	0.9	0.0107423823288033	0.0111135548598661
2	0.9	0.0109211323053203	0.0111614465096563
3	0.9	0.0108328779617965	0.0110254556418348
4	0.9	0.0114122489088569	0.0117663078986743
0	0.925	0.0103468511408421	0.0104695652554309
1	0.925	0.0100739291154481	0.0104200546024461
2	0.925	0.0102338608563086	0.0104614822899307
3	0.925	0.0101767080007562	0.0103619396217128
4	0.925	0.0106918143303581	0.0110229165930047
0	0.95	0.0096908115686867	0.009811804367609
1	0.95	0.0094538065522852	0.009777051559533
2	0.95	0.0095982607250787	0.0098139165219815
3	0.95	0.0095669410098595	0.0097449293398749
4	0.95	0.0100245945250181	0.0103346301424168
0	0.975	0.0090837073000227	0.0092025439494408
1	0.975	0.0088775772395532	0.0091798808130678
2	0.975	0.0090092637091877	0.0092136493428785
3	0.975	0.0089991367655443	0.0091700115988847
4	0.975	0.0094055074387252	0.0096961586025674
0	1.0	0.008520983675087	0.0086373152976082
1	1.0	0.0083413532400826	0.0086244509913731
2	1.0	0.0084624554105212	0.0086562324605289
3	1.0	0.0084694509198183	0.0086333716539612
4	1.0	0.0088301189701076	0.0091028924316467
0	1.1	0.0066397660364332	0.0067438601413975
1	1.1	0.0065334952376799	0.0067538036391134
2	1.1	0.0066265588076459	0.006783710357674
3	1.1	0.0066710577746416	0.0068092731257756
4	1.1	0.006894338667415	0.0071079425645975
0	1.2	0.0052159838761442	0.005306379080513
1	1.2	0.0051503314463991	0.0053243167965251
2	1.2	0.0052270227487245	0.0053549461905373
3	1.2	0.0052784806616235	0.0053947824657163
4	1.2	0.0054164485459215	0.0055857837075521
0	1.3	0.0041236552230461	0.0042007131367091
1	1.3	0.0040821208908745	0.0042207243859515
2	1.3	0.0041463467123835	0.0042506970750761
3	1.3	0.0041925589409756	0.0042900393046185
4	1.3	0.0042771232856678	0.0044125223619463
0	1.4	0.0032790863569541	0.0033439724445751
1	1.4	0.0032533657953042	0.0033644899019233
2	1.4	0.0033065759288382	0.0033920201570638
3	1.4	0.0033442610578603	0.0034256129048825
4	1.4	0.0033951644452556	0.0035040856441322
0	1.5	0.0026237679503127	0.0026780142220276
1	1.5	0.0026091144832247	0.0026991947262485
2	1.5	0.0026531227469434	0.0027235657547753
3	1.5	0.0026811922041588	0.0027492993779099
4	1.5	0.0027114262469487	0.0027996985696339
