a	model	nth	tp_pooled
0.0	Xa	1	3844
0.1	Xa	1	4173
0.2	Xa	1	4629
0.3	Xa	1	5245
0.4	Xa	1	6266
0.5	Xa	1	7388
0.525	Xa	1	7749
0.55	Xa	1	8115
0.575	Xa	1	8507
0.6	Xa	1	8899
0.625	Xa	1	8009
0.65	Xa	1	7169
0.675	Xa	1	6405
0.7	Xa	1	5701
0.725	Xa	1	5047
0.75	Xa	1	4406
0.775	Xa	1	3839
0.8	Xa	1	3326
0.825	Xa	1	2839
0.85	Xa	1	2382
0.875	Xa	1	1985
0.9	Xa	1	1640
0.925	Xa	1	1293
0.95	Xa	1	1008
0.975	Xa	1	768
1.0	Xa	1	574
1.1	Xa	1	123
1.2	Xa	1	20
1.3	Xa	1	5
1.4	Xa	1	0
1.5	Xa	1	0
0.0	Xa	2	3956
0.1	Xa	2	4593
0.2	Xa	2	5016
0.3	Xa	2	5490
0.4	Xa	2	6334
0.5	Xa	2	7910
0.525	Xa	2	8424
0.55	Xa	2	8936
0.575	Xa	2	9503
0.6	Xa	2	8913
0.625	Xa	2	9375
0.65	Xa	2	9833
0.675	Xa	2	10390
0.7	Xa	2	10753
0.725	Xa	2	9761
0.75	Xa	2	8822
0.775	Xa	2	7923
0.8	Xa	2	7050
0.825	Xa	2	6224
0.85	Xa	2	5521
0.875	Xa	2	4864
0.9	Xa	2	4202
0.925	Xa	2	3639
0.95	Xa	2	3090
0.975	Xa	2	2651
1.0	Xa	2	2235
1.1	Xa	2	752
1.2	Xa	2	127
1.3	Xa	2	5
1.4	Xa	2	0
1.5	Xa	2	0
0.0	Xa	3	4629
0.1	Xa	3	4789
0.2	Xa	3	5363
0.3	Xa	3	5958
0.4	Xa	3	6870
0.5	Xa	3	8216
0.525	Xa	3	8630
0.55	Xa	3	9059
0.575	Xa	3	9507
0.6	Xa	3	9984
0.625	Xa	3	10553
0.65	Xa	3	11061
0.675	Xa	3	11614
0.7	Xa	3	10890
0.725	Xa	3	11435
0.75	Xa	3	12080
0.775	Xa	3	11597
0.8	Xa	3	10340
0.825	Xa	3	9026
0.85	Xa	3	7740
0.875	Xa	3	6566
0.9	Xa	3	5536
0.925	Xa	3	4562
0.95	Xa	3	3748
0.975	Xa	3	3005
1.0	Xa	3	2393
1.1	Xa	3	877
1.2	Xa	3	141
1.3	Xa	3	5
1.4	Xa	3	0
1.5	Xa	3	0
0.0	Xa	4	4649
0.1	Xa	4	5015
0.2	Xa	4	5382
0.3	Xa	4	6079
0.4	Xa	4	7155
0.5	Xa	4	8605
0.525	Xa	4	9006
0.55	Xa	4	9397
0.575	Xa	4	9846
0.6	Xa	4	10107
0.625	Xa	4	10789
0.65	Xa	4	11402
0.675	Xa	4	11813
0.7	Xa	4	12279
0.725	Xa	4	12916
0.75	Xa	4	12403
0.775	Xa	4	11643
0.8	Xa	4	10814
0.825	Xa	4	10074
0.85	Xa	4	9293
0.875	Xa	4	7951
0.9	Xa	4	6713
0.925	Xa	4	5596
0.95	Xa	4	4592
0.975	Xa	4	3719
1.0	Xa	4	2981
1.1	Xa	4	991
1.2	Xa	4	166
1.3	Xa	4	9
1.4	Xa	4	1
1.5	Xa	4	0
0.0	Xa	5	4742
0.1	Xa	5	5028
0.2	Xa	5	5391
0.3	Xa	5	6340
0.4	Xa	5	7265
0.5	Xa	5	8698
0.525	Xa	5	9180
0.55	Xa	5	9656
0.575	Xa	5	9862
0.6	Xa	5	10384
0.625	Xa	5	10877
0.65	Xa	5	11461
0.675	Xa	5	11985
0.7	Xa	5	12609
0.725	Xa	5	13228
0.75	Xa	5	12496
0.775	Xa	5	11862
0.8	Xa	5	10824
0.825	Xa	5	10099
0.85	Xa	5	9293
0.875	Xa	5	7951
0.9	Xa	5	6713
0.925	Xa	5	5596
0.95	Xa	5	4592
0.975	Xa	5	3719
1.0	Xa	5	2981
1.1	Xa	5	991
1.2	Xa	5	191
1.3	Xa	5	14
1.4	Xa	5	1
1.5	Xa	5	0
0.0	Xa	6	4801
0.1	Xa	6	5063
0.2	Xa	6	5519
0.3	Xa	6	6386
0.4	Xa	6	7372
0.5	Xa	6	8821
0.525	Xa	6	9257
0.55	Xa	6	9685
0.575	Xa	6	10137
0.6	Xa	6	10713
0.625	Xa	6	11226
0.65	Xa	6	11786
0.675	Xa	6	12216
0.7	Xa	6	13007
0.725	Xa	6	13230
0.75	Xa	6	12921
0.775	Xa	6	12236
0.8	Xa	6	11484
0.825	Xa	6	10683
0.85	Xa	6	9382
0.875	Xa	6	8662
0.9	Xa	6	7496
0.925	Xa	6	6178
0.95	Xa	6	4994
0.975	Xa	6	3950
1.0	Xa	6	3097
1.1	Xa	6	993
1.2	Xa	6	191
1.3	Xa	6	20
1.4	Xa	6	1
1.5	Xa	6	0
0.0	Xa_cov70	1	3798
0.1	Xa_cov70	1	4108
0.2	Xa_cov70	1	4556
0.3	Xa_cov70	1	5128
0.4	Xa_cov70	1	6093
0.5	Xa_cov70	1	7121
0.525	Xa_cov70	1	7449
0.55	Xa_cov70	1	7780
0.575	Xa_cov70	1	8133
0.6	Xa_cov70	1	8497
0.625	Xa_cov70	1	8904
0.65	Xa_cov70	1	9306
0.675	Xa_cov70	1	9794
0.7	Xa_cov70	1	10237
0.725	Xa_cov70	1	10703
0.75	Xa_cov70	1	11277
0.775	Xa_cov70	1	11806
0.8	Xa_cov70	1	12366
0.825	Xa_cov70	1	12955
0.85	Xa_cov70	1	12411
0.875	Xa_cov70	1	11786
0.9	Xa_cov70	1	11106
0.925	Xa_cov70	1	10539
0.95	Xa_cov70	1	9981
0.975	Xa_cov70	1	9372
1.0	Xa_cov70	1	8808
1.1	Xa_cov70	1	6891
1.2	Xa_cov70	1	5185
1.3	Xa_cov70	1	3883
1.4	Xa_cov70	1	2892
1.5	Xa_cov70	1	2245
0.0	Xa_cov70	2	3908
0.1	Xa_cov70	2	4519
0.2	Xa_cov70	2	4931
0.3	Xa_cov70	2	5362
0.4	Xa_cov70	2	6159
0.5	Xa_cov70	2	7609
0.525	Xa_cov70	2	8072
0.55	Xa_cov70	2	8541
0.575	Xa_cov70	2	9054
0.6	Xa_cov70	2	9478
0.625	Xa_cov70	2	9990
0.65	Xa_cov70	2	10425
0.675	Xa_cov70	2	10920
0.7	Xa_cov70	2	11498
0.725	Xa_cov70	2	12060
0.75	Xa_cov70	2	12646
0.775	Xa_cov70	2	13254
0.8	Xa_cov70	2	13773
0.825	Xa_cov70	2	13096
0.85	Xa_cov70	2	13509
0.875	Xa_cov70	2	13287
0.9	Xa_cov70	2	12589
0.925	Xa_cov70	2	11984
0.95	Xa_cov70	2	11386
0.975	Xa_cov70	2	10858
1.0	Xa_cov70	2	10325
1.1	Xa_cov70	2	8207
1.2	Xa_cov70	2	6491
1.3	Xa_cov70	2	4947
1.4	Xa_cov70	2	3846
1.5	Xa_cov70	2	3075
0.0	Xa_cov70	3	4554
0.1	Xa_cov70	3	4714
0.2	Xa_cov70	3	5255
0.3	Xa_cov70	3	5816
0.4	Xa_cov70	3	6665
0.5	Xa_cov70	3	7892
0.525	Xa_cov70	3	8264
0.55	Xa_cov70	3	8660
0.575	Xa_cov70	3	9058
0.6	Xa_cov70	3	9594
0.625	Xa_cov70	3	10202
0.65	Xa_cov70	3	10737
0.675	Xa_cov70	3	11254
0.7	Xa_cov70	3	11803
0.725	Xa_cov70	3	12348
0.75	Xa_cov70	3	12890
0.775	Xa_cov70	3	13509
0.8	Xa_cov70	3	13862
0.825	Xa_cov70	3	13669
0.85	Xa_cov70	3	13577
0.875	Xa_cov70	3	13340
0.9	Xa_cov70	3	13119
0.925	Xa_cov70	3	12928
0.95	Xa_cov70	3	12737
0.975	Xa_cov70	3	12564
1.0	Xa_cov70	3	12419
1.1	Xa_cov70	3	10826
1.2	Xa_cov70	3	8696
1.3	Xa_cov70	3	6923
1.4	Xa_cov70	3	5424
1.5	Xa_cov70	3	4350
0.0	Xa_cov70	4	4574
0.1	Xa_cov70	4	4932
0.2	Xa_cov70	4	5273
0.3	Xa_cov70	4	5928
0.4	Xa_cov70	4	6934
0.5	Xa_cov70	4	8250
0.525	Xa_cov70	4	8614
0.55	Xa_cov70	4	8972
0.575	Xa_cov70	4	9388
0.6	Xa_cov70	4	9848
0.625	Xa_cov70	4	10280
0.65	Xa_cov70	4	10790
0.675	Xa_cov70	4	11462
0.7	Xa_cov70	4	12165
0.725	Xa_cov70	4	12808
0.75	Xa_cov70	4	13407
0.775	Xa_cov70	4	13939
0.8	Xa_cov70	4	13897
0.825	Xa_cov70	4	14544
0.85	Xa_cov70	4	13916
0.875	Xa_cov70	4	14209
0.9	Xa_cov70	4	14844
0.925	Xa_cov70	4	15221
0.95	Xa_cov70	4	14562
0.975	Xa_cov70	4	13872
1.0	Xa_cov70	4	13222
1.1	Xa_cov70	4	10828
1.2	Xa_cov70	4	8750
1.3	Xa_cov70	4	7016
1.4	Xa_cov70	4	5546
1.5	Xa_cov70	4	4476
0.0	Xa_cov70	5	4664
0.1	Xa_cov70	5	4945
0.2	Xa_cov70	5	5281
0.3	Xa_cov70	5	6179
0.4	Xa_cov70	5	7036
0.5	Xa_cov70	5	8335
0.525	Xa_cov70	5	8777
0.55	Xa_cov70	5	9209
0.575	Xa_cov70	5	9641
0.6	Xa_cov70	5	10149
0.625	Xa_cov70	5	10594
0.65	Xa_cov70	5	11090
0.675	Xa_cov70	5	11673
0.7	Xa_cov70	5	12235
0.725	Xa_cov70	5	12894
0.75	Xa_cov70	5	13591
0.775	Xa_cov70	5	14043
0.8	Xa_cov70	5	14111
0.825	Xa_cov70	5	14548
0.85	Xa_cov70	5	15044
0.875	Xa_cov70	5	15422
0.9	Xa_cov70	5	15815
0.925	Xa_cov70	5	15357
0.95	Xa_cov70	5	14651
0.975	Xa_cov70	5	13966
1.0	Xa_cov70	5	13293
1.1	Xa_cov70	5	11508
1.2	Xa_cov70	5	9377
1.3	Xa_cov70	5	7580
1.4	Xa_cov70	5	5904
1.5	Xa_cov70	5	4664
0.0	Xa_cov70	6	4723
0.1	Xa_cov70	6	4980
0.2	Xa_cov70	6	5405
0.3	Xa_cov70	6	6223
0.4	Xa_cov70	6	7142
0.5	Xa_cov70	6	8450
0.525	Xa_cov70	6	8853
0.55	Xa_cov70	6	9236
0.575	Xa_cov70	6	9663
0.6	Xa_cov70	6	10196
0.625	Xa_cov70	6	10696
0.65	Xa_cov70	6	11260
0.675	Xa_cov70	6	11868
0.7	Xa_cov70	6	12486
0.725	Xa_cov70	6	13092
0.75	Xa_cov70	6	13635
0.775	Xa_cov70	6	14072
0.8	Xa_cov70	6	14301
0.825	Xa_cov70	6	14667
0.85	Xa_cov70	6	15245
0.875	Xa_cov70	6	15879
0.9	Xa_cov70	6	15881
0.925	Xa_cov70	6	15530
0.95	Xa_cov70	6	15221
0.975	Xa_cov70	6	14539
1.0	Xa_cov70	6	13931
1.1	Xa_cov70	6	11766
1.2	Xa_cov70	6	9579
1.3	Xa_cov70	6	7613
1.4	Xa_cov70	6	6115
1.5	Xa_cov70	6	4968
0.0	Xa_ktcov	1	3866
0.1	Xa_ktcov	1	4187
0.2	Xa_ktcov	1	4655
0.3	Xa_ktcov	1	5279
0.4	Xa_ktcov	1	6360
0.5	Xa_ktcov	1	7913
0.525	Xa_ktcov	1	8298
0.55	Xa_ktcov	1	8710
0.575	Xa_ktcov	1	9152
0.6	Xa_ktcov	1	9613
0.625	Xa_ktcov	1	10117
0.65	Xa_ktcov	1	10687
0.675	Xa_ktcov	1	10079
0.7	Xa_ktcov	1	9116
0.725	Xa_ktcov	1	8250
0.75	Xa_ktcov	1	7454
0.775	Xa_ktcov	1	6680
0.8	Xa_ktcov	1	5957
0.825	Xa_ktcov	1	5310
0.85	Xa_ktcov	1	4703
0.875	Xa_ktcov	1	4099
0.9	Xa_ktcov	1	3588
0.925	Xa_ktcov	1	3114
0.95	Xa_ktcov	1	2700
0.975	Xa_ktcov	1	2331
1.0	Xa_ktcov	1	1957
1.1	Xa_ktcov	1	939
1.2	Xa_ktcov	1	419
1.3	Xa_ktcov	1	194
1.4	Xa_ktcov	1	33
1.5	Xa_ktcov	1	0
0.0	Xa_ktcov	2	3966
0.1	Xa_ktcov	2	4617
0.2	Xa_ktcov	2	5257
0.3	Xa_ktcov	2	5787
0.4	Xa_ktcov	2	6646
0.5	Xa_ktcov	2	7959
0.525	Xa_ktcov	2	8440
0.55	Xa_ktcov	2	8998
0.575	Xa_ktcov	2	9562
0.6	Xa_ktcov	2	10171
0.625	Xa_ktcov	2	10821
0.65	Xa_ktcov	2	11106
0.675	Xa_ktcov	2	11244
0.7	Xa_ktcov	2	11876
0.725	Xa_ktcov	2	12550
0.75	Xa_ktcov	2	12079
0.775	Xa_ktcov	2	10970
0.8	Xa_ktcov	2	9999
0.825	Xa_ktcov	2	9074
0.85	Xa_ktcov	2	8212
0.875	Xa_ktcov	2	7398
0.9	Xa_ktcov	2	6617
0.925	Xa_ktcov	2	5909
0.95	Xa_ktcov	2	5221
0.975	Xa_ktcov	2	4580
1.0	Xa_ktcov	2	4038
1.1	Xa_ktcov	2	2247
1.2	Xa_ktcov	2	1195
1.3	Xa_ktcov	2	282
1.4	Xa_ktcov	2	35
1.5	Xa_ktcov	2	1
0.0	Xa_ktcov	3	4761
0.1	Xa_ktcov	3	4996
0.2	Xa_ktcov	3	5402
0.3	Xa_ktcov	3	6094
0.4	Xa_ktcov	3	7127
0.5	Xa_ktcov	3	8633
0.525	Xa_ktcov	3	9081
0.55	Xa_ktcov	3	9536
0.575	Xa_ktcov	3	10002
0.6	Xa_ktcov	3	10554
0.625	Xa_ktcov	3	11115
0.65	Xa_ktcov	3	11531
0.675	Xa_ktcov	3	12305
0.7	Xa_ktcov	3	12982
0.725	Xa_ktcov	3	13210
0.75	Xa_ktcov	3	13232
0.775	Xa_ktcov	3	13962
0.8	Xa_ktcov	3	14196
0.825	Xa_ktcov	3	14082
0.85	Xa_ktcov	3	14009
0.875	Xa_ktcov	3	13950
0.9	Xa_ktcov	3	12340
0.925	Xa_ktcov	3	10819
0.95	Xa_ktcov	3	9407
0.975	Xa_ktcov	3	8164
1.0	Xa_ktcov	3	6997
1.1	Xa_ktcov	3	3359
1.2	Xa_ktcov	3	1214
1.3	Xa_ktcov	3	301
1.4	Xa_ktcov	3	98
1.5	Xa_ktcov	3	6
0.0	Xa_ktcov	4	4762
0.1	Xa_ktcov	4	5026
0.2	Xa_ktcov	4	5449
0.3	Xa_ktcov	4	6351
0.4	Xa_ktcov	4	7371
0.5	Xa_ktcov	4	8808
0.525	Xa_ktcov	4	9219
0.55	Xa_ktcov	4	9630
0.575	Xa_ktcov	4	10090
0.6	Xa_ktcov	4	10600
0.625	Xa_ktcov	4	11140
0.65	Xa_ktcov	4	11714
0.675	Xa_ktcov	4	12341
0.7	Xa_ktcov	4	13019
0.725	Xa_ktcov	4	13639
0.75	Xa_ktcov	4	14277
0.775	Xa_ktcov	4	14306
0.8	Xa_ktcov	4	14713
0.825	Xa_ktcov	4	14572
0.85	Xa_ktcov	4	14403
0.875	Xa_ktcov	4	14058
0.9	Xa_ktcov	4	13241
0.925	Xa_ktcov	4	11560
0.95	Xa_ktcov	4	10083
0.975	Xa_ktcov	4	8698
1.0	Xa_ktcov	4	7432
1.1	Xa_ktcov	4	3469
1.2	Xa_ktcov	4	1361
1.3	Xa_ktcov	4	440
1.4	Xa_ktcov	4	105
1.5	Xa_ktcov	4	13
0.0	Xa_ktcov	5	4820
0.1	Xa_ktcov	5	5195
0.2	Xa_ktcov	5	5650
0.3	Xa_ktcov	5	6414
0.4	Xa_ktcov	5	7390
0.5	Xa_ktcov	5	8836
0.525	Xa_ktcov	5	9272
0.55	Xa_ktcov	5	9698
0.575	Xa_ktcov	5	10180
0.6	Xa_ktcov	5	10690
0.625	Xa_ktcov	5	11241
0.65	Xa_ktcov	5	11719
0.675	Xa_ktcov	5	12356
0.7	Xa_ktcov	5	13088
0.725	Xa_ktcov	5	13688
0.75	Xa_ktcov	5	14339
0.775	Xa_ktcov	5	14629
0.8	Xa_ktcov	5	14757
0.825	Xa_ktcov	5	15409
0.85	Xa_ktcov	5	15321
0.875	Xa_ktcov	5	14218
0.9	Xa_ktcov	5	13843
0.925	Xa_ktcov	5	12552
0.95	Xa_ktcov	5	10979
0.975	Xa_ktcov	5	9509
1.0	Xa_ktcov	5	8186
1.1	Xa_ktcov	5	3640
1.2	Xa_ktcov	5	1371
1.3	Xa_ktcov	5	499
1.4	Xa_ktcov	5	119
1.5	Xa_ktcov	5	14
0.0	Xa_ktcov	6	4823
0.1	Xa_ktcov	6	5255
0.2	Xa_ktcov	6	5725
0.3	Xa_ktcov	6	6445
0.4	Xa_ktcov	6	7391
0.5	Xa_ktcov	6	8900
0.525	Xa_ktcov	6	9351
0.55	Xa_ktcov	6	9832
0.575	Xa_ktcov	6	10356
0.6	Xa_ktcov	6	10915
0.625	Xa_ktcov	6	11515
0.65	Xa_ktcov	6	11815
0.675	Xa_ktcov	6	12457
0.7	Xa_ktcov	6	13088
0.725	Xa_ktcov	6	13749
0.75	Xa_ktcov	6	14396
0.775	Xa_ktcov	6	14975
0.8	Xa_ktcov	6	15029
0.825	Xa_ktcov	6	15443
0.85	Xa_ktcov	6	15528
0.875	Xa_ktcov	6	14844
0.9	Xa_ktcov	6	14018
0.925	Xa_ktcov	6	12945
0.95	Xa_ktcov	6	11382
0.975	Xa_ktcov	6	9923
1.0	Xa_ktcov	6	8503
1.1	Xa_ktcov	6	3994
1.2	Xa_ktcov	6	1385
1.3	Xa_ktcov	6	561
1.4	Xa_ktcov	6	137
1.5	Xa_ktcov	6	17
0.0	sym_max	1	3848
0.1	sym_max	1	4229
0.2	sym_max	1	4717
0.3	sym_max	1	5413
0.4	sym_max	1	6548
0.5	sym_max	1	8130
0.525	sym_max	1	8590
0.55	sym_max	1	8999
0.575	sym_max	1	9473
0.6	sym_max	1	9964
0.625	sym_max	1	10478
0.65	sym_max	1	9694
0.675	sym_max	1	8773
0.7	sym_max	1	7878
0.725	sym_max	1	7102
0.75	sym_max	1	6315
0.775	sym_max	1	5594
0.8	sym_max	1	4979
0.825	sym_max	1	4365
0.85	sym_max	1	3820
0.875	sym_max	1	3311
0.9	sym_max	1	2840
0.925	sym_max	1	2421
0.95	sym_max	1	2047
0.975	sym_max	1	1700
1.0	sym_max	1	1382
1.1	sym_max	1	542
1.2	sym_max	1	189
1.3	sym_max	1	77
1.4	sym_max	1	15
1.5	sym_max	1	1
0.0	sym_max	2	3974
0.1	sym_max	2	4368
0.2	sym_max	2	4886
0.3	sym_max	2	5633
0.4	sym_max	2	6748
0.5	sym_max	2	8294
0.525	sym_max	2	8848
0.55	sym_max	2	9331
0.575	sym_max	2	9806
0.6	sym_max	2	10303
0.625	sym_max	2	10673
0.65	sym_max	2	11053
0.675	sym_max	2	11703
0.7	sym_max	2	12352
0.725	sym_max	2	13037
0.75	sym_max	2	12983
0.775	sym_max	2	11871
0.8	sym_max	2	10821
0.825	sym_max	2	9829
0.85	sym_max	2	8941
0.875	sym_max	2	8091
0.9	sym_max	2	7260
0.925	sym_max	2	6465
0.95	sym_max	2	5749
0.975	sym_max	2	5079
1.0	sym_max	2	4499
1.1	sym_max	2	2560
1.2	sym_max	2	1140
1.3	sym_max	2	217
1.4	sym_max	2	24
1.5	sym_max	2	3
0.0	sym_max	3	4659
0.1	sym_max	3	4933
0.2	sym_max	3	5251
0.3	sym_max	3	5840
0.4	sym_max	3	6857
0.5	sym_max	3	8475
0.525	sym_max	3	8878
0.55	sym_max	3	9422
0.575	sym_max	3	10042
0.6	sym_max	3	10696
0.625	sym_max	3	10843
0.65	sym_max	3	11460
0.675	sym_max	3	12102
0.7	sym_max	3	12744
0.725	sym_max	3	13435
0.75	sym_max	3	13766
0.775	sym_max	3	14493
0.8	sym_max	3	15164
0.825	sym_max	3	15069
0.85	sym_max	3	14992
0.875	sym_max	3	14297
0.9	sym_max	3	12563
0.925	sym_max	3	11022
0.95	sym_max	3	9647
0.975	sym_max	3	8297
1.0	sym_max	3	7111
1.1	sym_max	3	3370
1.2	sym_max	3	1384
1.3	sym_max	3	330
1.4	sym_max	3	46
1.5	sym_max	3	4
0.0	sym_max	4	4712
0.1	sym_max	4	5051
0.2	sym_max	4	5460
0.3	sym_max	4	6125
0.4	sym_max	4	7075
0.5	sym_max	4	8699
0.525	sym_max	4	9247
0.55	sym_max	4	9848
0.575	sym_max	4	10402
0.6	sym_max	4	10992
0.625	sym_max	4	11413
0.65	sym_max	4	12222
0.675	sym_max	4	12958
0.7	sym_max	4	13669
0.725	sym_max	4	14196
0.75	sym_max	4	14172
0.775	sym_max	4	14976
0.8	sym_max	4	15286
0.825	sym_max	4	15508
0.85	sym_max	4	15342
0.875	sym_max	4	14887
0.9	sym_max	4	13660
0.925	sym_max	4	11972
0.95	sym_max	4	10403
0.975	sym_max	4	8983
1.0	sym_max	4	7678
1.1	sym_max	4	3579
1.2	sym_max	4	1400
1.3	sym_max	4	379
1.4	sym_max	4	69
1.5	sym_max	4	5
0.0	sym_max	5	4754
0.1	sym_max	5	5184
0.2	sym_max	5	5510
0.3	sym_max	5	6192
0.4	sym_max	5	7330
0.5	sym_max	5	8924
0.525	sym_max	5	9400
0.55	sym_max	5	9884
0.575	sym_max	5	10455
0.6	sym_max	5	11169
0.625	sym_max	5	11603
0.65	sym_max	5	12281
0.675	sym_max	5	13050
0.7	sym_max	5	13775
0.725	sym_max	5	14436
0.75	sym_max	5	15100
0.775	sym_max	5	15241
0.8	sym_max	5	15698
0.825	sym_max	5	15899
0.85	sym_max	5	15375
0.875	sym_max	5	14959
0.9	sym_max	5	14346
0.925	sym_max	5	12741
0.95	sym_max	5	11148
0.975	sym_max	5	9641
1.0	sym_max	5	8285
1.1	sym_max	5	3679
1.2	sym_max	5	1412
1.3	sym_max	5	452
1.4	sym_max	5	93
1.5	sym_max	5	8
0.0	sym_max	6	4788
0.1	sym_max	6	5194
0.2	sym_max	6	5837
0.3	sym_max	6	6560
0.4	sym_max	6	7645
0.5	sym_max	6	9195
0.525	sym_max	6	9639
0.55	sym_max	6	10113
0.575	sym_max	6	10616
0.6	sym_max	6	11170
0.625	sym_max	6	11779
0.65	sym_max	6	12436
0.675	sym_max	6	13095
0.7	sym_max	6	13891
0.725	sym_max	6	14546
0.75	sym_max	6	15216
0.775	sym_max	6	15510
0.8	sym_max	6	15759
0.825	sym_max	6	16107
0.85	sym_max	6	16096
0.875	sym_max	6	15214
0.9	sym_max	6	14549
0.925	sym_max	6	13144
0.95	sym_max	6	11472
0.975	sym_max	6	9877
1.0	sym_max	6	8416
1.1	sym_max	6	3893
1.2	sym_max	6	1435
1.3	sym_max	6	455
1.4	sym_max	6	100
1.5	sym_max	6	11
0.0	sym_mean	1	3844
0.1	sym_mean	1	4299
0.2	sym_mean	1	4898
0.3	sym_mean	1	5732
0.4	sym_mean	1	6567
0.5	sym_mean	1	7857
0.525	sym_mean	1	8245
0.55	sym_mean	1	8635
0.575	sym_mean	1	9059
0.6	sym_mean	1	9505
0.625	sym_mean	1	9999
0.65	sym_mean	1	10084
0.675	sym_mean	1	9117
0.7	sym_mean	1	8240
0.725	sym_mean	1	7444
0.75	sym_mean	1	6627
0.775	sym_mean	1	5915
0.8	sym_mean	1	5274
0.825	sym_mean	1	4671
0.85	sym_mean	1	4105
0.875	sym_mean	1	3580
0.9	sym_mean	1	3077
0.925	sym_mean	1	2631
0.95	sym_mean	1	2259
0.975	sym_mean	1	1916
1.0	sym_mean	1	1592
1.1	sym_mean	1	665
1.2	sym_mean	1	253
1.3	sym_mean	1	109
1.4	sym_mean	1	18
1.5	sym_mean	1	0
0.0	sym_mean	2	3975
0.1	sym_mean	2	4458
0.2	sym_mean	2	5084
0.3	sym_mean	2	5834
0.4	sym_mean	2	7094
0.5	sym_mean	2	8469
0.525	sym_mean	2	8883
0.55	sym_mean	2	9313
0.575	sym_mean	2	9784
0.6	sym_mean	2	10278
0.625	sym_mean	2	10813
0.65	sym_mean	2	10517
0.675	sym_mean	2	11073
0.7	sym_mean	2	11659
0.725	sym_mean	2	12276
0.75	sym_mean	2	12958
0.775	sym_mean	2	12384
0.8	sym_mean	2	11375
0.825	sym_mean	2	10334
0.85	sym_mean	2	9400
0.875	sym_mean	2	8585
0.9	sym_mean	2	7752
0.925	sym_mean	2	6965
0.95	sym_mean	2	6290
0.975	sym_mean	2	5619
1.0	sym_mean	2	4981
1.1	sym_mean	2	2941
1.2	sym_mean	2	1162
1.3	sym_mean	2	239
1.4	sym_mean	2	30
1.5	sym_mean	2	2
0.0	sym_mean	3	4724
0.1	sym_mean	3	4931
0.2	sym_mean	3	5190
0.3	sym_mean	3	6105
0.4	sym_mean	3	7325
0.5	sym_mean	3	8856
0.525	sym_mean	3	9303
0.55	sym_mean	3	9746
0.575	sym_mean	3	10224
0.6	sym_mean	3	10717
0.625	sym_mean	3	11118
0.65	sym_mean	3	11376
0.675	sym_mean	3	12006
0.7	sym_mean	3	12655
0.725	sym_mean	3	13365
0.75	sym_mean	3	13539
0.775	sym_mean	3	13615
0.8	sym_mean	3	14342
0.825	sym_mean	3	15088
0.85	sym_mean	3	15348
0.875	sym_mean	3	13583
0.9	sym_mean	3	11988
0.925	sym_mean	3	10504
0.95	sym_mean	3	9163
0.975	sym_mean	3	7892
1.0	sym_mean	3	6753
1.1	sym_mean	3	3194
1.2	sym_mean	3	1203
1.3	sym_mean	3	280
1.4	sym_mean	3	48
1.5	sym_mean	3	5
0.0	sym_mean	4	4729
0.1	sym_mean	4	5082
0.2	sym_mean	4	5520
0.3	sym_mean	4	6145
0.4	sym_mean	4	7443
0.5	sym_mean	4	9171
0.525	sym_mean	4	9599
0.55	sym_mean	4	10084
0.575	sym_mean	4	10577
0.6	sym_mean	4	11144
0.625	sym_mean	4	11286
0.65	sym_mean	4	11861
0.675	sym_mean	4	12507
0.7	sym_mean	4	13164
0.725	sym_mean	4	13858
0.75	sym_mean	4	14056
0.775	sym_mean	4	14777
0.8	sym_mean	4	15542
0.825	sym_mean	4	16442
0.85	sym_mean	4	15898
0.875	sym_mean	4	15241
0.9	sym_mean	4	13419
0.925	sym_mean	4	11789
0.95	sym_mean	4	10286
0.975	sym_mean	4	8906
1.0	sym_mean	4	7607
1.1	sym_mean	4	3580
1.2	sym_mean	4	1301
1.3	sym_mean	4	450
1.4	sym_mean	4	86
1.5	sym_mean	4	6
0.0	sym_mean	5	4738
0.1	sym_mean	5	5160
0.2	sym_mean	5	5553
0.3	sym_mean	5	6386
0.4	sym_mean	5	7637
0.5	sym_mean	5	9377
0.525	sym_mean	5	9828
0.55	sym_mean	5	10302
0.575	sym_mean	5	10820
0.6	sym_mean	5	11382
0.625	sym_mean	5	11693
0.65	sym_mean	5	12346
0.675	sym_mean	5	13003
0.7	sym_mean	5	13706
0.725	sym_mean	5	14390
0.75	sym_mean	5	14546
0.775	sym_mean	5	15274
0.8	sym_mean	5	16084
0.825	sym_mean	5	16715
0.85	sym_mean	5	16554
0.875	sym_mean	5	15273
0.9	sym_mean	5	13432
0.925	sym_mean	5	11819
0.95	sym_mean	5	10304
0.975	sym_mean	5	8923
1.0	sym_mean	5	7617
1.1	sym_mean	5	3591
1.2	sym_mean	5	1429
1.3	sym_mean	5	474
1.4	sym_mean	5	89
1.5	sym_mean	5	12
0.0	sym_mean	6	4833
0.1	sym_mean	6	5199
0.2	sym_mean	6	5788
0.3	sym_mean	6	6441
0.4	sym_mean	6	7686
0.5	sym_mean	6	9383
0.525	sym_mean	6	9870
0.55	sym_mean	6	10398
0.575	sym_mean	6	10992
0.6	sym_mean	6	11610
0.625	sym_mean	6	11972
0.65	sym_mean	6	12620
0.675	sym_mean	6	13282
0.7	sym_mean	6	13959
0.725	sym_mean	6	14638
0.75	sym_mean	6	15119
0.775	sym_mean	6	15739
0.8	sym_mean	6	16233
0.825	sym_mean	6	16916
0.85	sym_mean	6	17212
0.875	sym_mean	6	15863
0.9	sym_mean	6	15003
0.925	sym_mean	6	13115
0.95	sym_mean	6	11425
0.975	sym_mean	6	9863
1.0	sym_mean	6	8463
1.1	sym_mean	6	3618
1.2	sym_mean	6	1435
1.3	sym_mean	6	480
1.4	sym_mean	6	114
1.5	sym_mean	6	15
0.0	sym_min	1	3851
0.1	sym_min	1	4364
0.2	sym_min	1	5120
0.3	sym_min	1	5639
0.4	sym_min	1	6407
0.5	sym_min	1	7549
0.525	sym_min	1	7899
0.55	sym_min	1	8261
0.575	sym_min	1	8661
0.6	sym_min	1	9063
0.625	sym_min	1	9517
0.65	sym_min	1	9978
0.675	sym_min	1	9515
0.7	sym_min	1	8615
0.725	sym_min	1	7810
0.75	sym_min	1	7014
0.775	sym_min	1	6256
0.8	sym_min	1	5625
0.825	sym_min	1	5004
0.85	sym_min	1	4430
0.875	sym_min	1	3867
0.9	sym_min	1	3366
0.925	sym_min	1	2915
0.95	sym_min	1	2515
0.975	sym_min	1	2155
1.0	sym_min	1	1816
1.1	sym_min	1	843
1.2	sym_min	1	357
1.3	sym_min	1	164
1.4	sym_min	1	20
1.5	sym_min	1	0
0.0	sym_min	2	3978
0.1	sym_min	2	4549
0.2	sym_min	2	5152
0.3	sym_min	2	6166
0.4	sym_min	2	7102
0.5	sym_min	2	8481
0.525	sym_min	2	8905
0.55	sym_min	2	9318
0.575	sym_min	2	9774
0.6	sym_min	2	10249
0.625	sym_min	2	10759
0.65	sym_min	2	10520
0.675	sym_min	2	10478
0.7	sym_min	2	11031
0.725	sym_min	2	11616
0.75	sym_min	2	12223
0.775	sym_min	2	12885
0.8	sym_min	2	11903
0.825	sym_min	2	10922
0.85	sym_min	2	9965
0.875	sym_min	2	9105
0.9	sym_min	2	8332
0.925	sym_min	2	7583
0.95	sym_min	2	6834
0.975	sym_min	2	6188
1.0	sym_min	2	5549
1.1	sym_min	2	3072
1.2	sym_min	2	1087
1.3	sym_min	2	246
1.4	sym_min	2	21
1.5	sym_min	2	0
0.0	sym_min	3	4700
0.1	sym_min	3	4934
0.2	sym_min	3	5329
0.3	sym_min	3	6336
0.4	sym_min	3	7249
0.5	sym_min	3	8564
0.525	sym_min	3	8955
0.55	sym_min	3	9351
0.575	sym_min	3	9790
0.6	sym_min	3	10251
0.625	sym_min	3	10788
0.65	sym_min	3	11315
0.675	sym_min	3	11880
0.7	sym_min	3	12500
0.725	sym_min	3	13146
0.75	sym_min	3	13780
0.775	sym_min	3	12982
0.8	sym_min	3	13506
0.825	sym_min	3	14192
0.85	sym_min	3	14684
0.875	sym_min	3	13025
0.9	sym_min	3	11510
0.925	sym_min	3	10066
0.95	sym_min	3	8752
0.975	sym_min	3	7611
1.0	sym_min	3	6483
1.1	sym_min	3	3305
1.2	sym_min	3	1234
1.3	sym_min	3	258
1.4	sym_min	3	81
1.5	sym_min	3	4
0.0	sym_min	4	4766
0.1	sym_min	4	5114
0.2	sym_min	4	5535
0.3	sym_min	4	6337
0.4	sym_min	4	7671
0.5	sym_min	4	9104
0.525	sym_min	4	9522
0.55	sym_min	4	9983
0.575	sym_min	4	10433
0.6	sym_min	4	10965
0.625	sym_min	4	11504
0.65	sym_min	4	11368
0.675	sym_min	4	11960
0.7	sym_min	4	12624
0.725	sym_min	4	13302
0.75	sym_min	4	13968
0.775	sym_min	4	14448
0.8	sym_min	4	15181
0.825	sym_min	4	15932
0.85	sym_min	4	14952
0.875	sym_min	4	14258
0.9	sym_min	4	12594
0.925	sym_min	4	11024
0.95	sym_min	4	9610
0.975	sym_min	4	8253
1.0	sym_min	4	7111
1.1	sym_min	4	3316
1.2	sym_min	4	1263
1.3	sym_min	4	419
1.4	sym_min	4	86
1.5	sym_min	4	8
0.0	sym_min	5	4769
0.1	sym_min	5	5131
0.2	sym_min	5	5647
0.3	sym_min	5	6591
0.4	sym_min	5	7700
0.5	sym_min	5	9170
0.525	sym_min	5	9611
0.55	sym_min	5	10090
0.575	sym_min	5	10556
0.6	sym_min	5	11115
0.625	sym_min	5	11566
0.65	sym_min	5	12075
0.675	sym_min	5	12716
0.7	sym_min	5	13369
0.725	sym_min	5	14018
0.75	sym_min	5	14072
0.775	sym_min	5	14700
0.8	sym_min	5	15484
0.825	sym_min	5	16336
0.85	sym_min	5	16141
0.875	sym_min	5	15037
0.9	sym_min	5	13299
0.925	sym_min	5	11692
0.95	sym_min	5	10187
0.975	sym_min	5	8816
1.0	sym_min	5	7612
1.1	sym_min	5	3429
1.2	sym_min	5	1296
1.3	sym_min	5	432
1.4	sym_min	5	102
1.5	sym_min	5	9
0.0	sym_min	6	4886
0.1	sym_min	6	5224
0.2	sym_min	6	5737
0.3	sym_min	6	6613
0.4	sym_min	6	7976
0.5	sym_min	6	9844
0.525	sym_min	6	10401
0.55	sym_min	6	10976
0.575	sym_min	6	11599
0.6	sym_min	6	12270
0.625	sym_min	6	11701
0.65	sym_min	6	12316
0.675	sym_min	6	12969
0.7	sym_min	6	13649
0.725	sym_min	6	14317
0.75	sym_min	6	14697
0.775	sym_min	6	15423
0.8	sym_min	6	16212
0.825	sym_min	6	16540
0.85	sym_min	6	16499
0.875	sym_min	6	15701
0.9	sym_min	6	14840
0.925	sym_min	6	12866
0.95	sym_min	6	11045
0.975	sym_min	6	9384
1.0	sym_min	6	7876
1.1	sym_min	6	3642
1.2	sym_min	6	1469
1.3	sym_min	6	493
1.4	sym_min	6	117
1.5	sym_min	6	12
